,websitename,subcategory,productname,price,description,sizes,color,imgs
0,https://www.adidas.com/us/men,MEN'S NEW ARRIVALS,null,null,null,,null,
1,https://www.adidas.com/us/men,MEN'S NEW ARRIVALS,TERREX MYSHELTER SNOW 2-LAYER INSULATED JACKET,$350 ,"The Terrex MYSHELTER Snow 2-Layer jacket combines functionality and style for distraction-free fun on the slopes this ski season. 
 
The PrimaLoft Insulation x Parley Ocean Plastic keeps you warm on even the coldest of days, while the RAIN.RDY materials help to shield against wind and snow. The fully adjustable, helmet-compatible hood allows for extra coverage when you need it. 
 
The under-arm ventilation zips help cool you down when things heat up, while multiple pockets—including a forearm pass pocket—keep your valuables safe and easily accessible. The elastic, stretchy powder skirt also helps to keep you dry on the hill.","S,M,L,XL,2XL",Orbit Violet / Legend Ink,"https://assets.adidas.com/images/w_600,f_auto,q_auto/1f19798db5324cfda500adbb008d8edc_9366/Terrex_MYSHELTER_Snow_2-Layer_Insulated_Jacket_Purple_GV4023_HM30.jpg|https://assets.adidas.com/images/w_600,f_auto,q_auto/7fa2e9bf546d4ba7bb22adb200bf4d07_9366/Terrex_MYSHELTER_Snow_2-Layer_Insulated_Jacket_Purple_GV4023_HM1.jpg|https://assets.adidas.com/images/w_600,f_auto,q_auto/9ab8e84b50da437ebf90adb200bf9b79_9366/Terrex_MYSHELTER_Snow_2-Layer_Insulated_Jacket_Purple_GV4023_HM3_hover.jpg|https://assets.adidas.com/images/w_600,f_auto,q_auto/84b235cddacb4aa38a94adb200bfb366_9366/Terrex_MYSHELTER_Snow_2-Layer_Insulated_Jacket_Purple_GV4023_HM4.jpg|https://assets.adidas.com/images/w_600,f_auto,q_auto/046686ff619c4178b616adb200c05c6a_9366/Terrex_MYSHELTER_Snow_2-Layer_Insulated_Jacket_Purple_GV4023_HM5.jpg|https://assets.adidas.com/images/w_600,f_auto,q_auto/1c5259b1a7894626bd03adb200c07fd2_9366/Terrex_MYSHELTER_Snow_2-Layer_Insulated_Jacket_Purple_GV4023_HM6.jpg|https://assets.adidas.com/images/w_600,f_auto,q_auto/c30fb559f4f240609ff1adb200c09fea_9366/Terrex_MYSHELTER_Snow_2-Layer_Insulated_Jacket_Purple_GV4023_HM7.jpg|https://assets.adidas.com/images/w_600,f_auto,q_auto/4400028fa1d04f48a13badb200c0c026_9366/Terrex_MYSHELTER_Snow_2-Layer_Insulated_Jacket_Purple_GV4023_HM8.jpg|https://assets.adidas.com/images/w_600,f_auto,q_auto/943b17105e934706ad33adb200c0daf7_9366/Terrex_MYSHELTER_Snow_2-Layer_Insulated_Jacket_Purple_GV4023_HM9.jpg|https://assets.adidas.com/images/w_600,f_auto,q_auto/c6b86adba5074f2b8719adb200bf6c46_9366/Terrex_MYSHELTER_Snow_2-Layer_Insulated_Jacket_Purple_GV4023_HM10.jpg|https://assets.adidas.com/images/w_600,f_auto,q_auto/98768d8815914b63bb22adb200bf8b2c_9366/Terrex_MYSHELTER_Snow_2-Layer_Insulated_Jacket_Purple_GV4023_HM11.jpg|https://assets.adidas.com/images/w_600,f_auto,q_auto/1f19798db5324cfda500adbb008d8edc_9366/Terrex_MYSHELTER_Snow_2-Layer_Insulated_Jacket_Purple_GV4023_HM30.jpg|https://assets.adidas.com/images/w_600,f_auto,q_auto/7fa2e9bf546d4ba7bb22adb200bf4d07_9366/Terrex_MYSHELTER_Snow_2-Layer_Insulated_Jacket_Purple_GV4023_HM1.jpg"
2,https://www.adidas.com/us/men,MEN'S NEW ARRIVALS,ESSENTIALS DOWN JACKET,$90 ,"Little compares to the lightweight warmth of down. Zip up the adidas Essentials Down Jacket and experience it for yourself. Down baffles seal in the heat, and classic 3-Stripes style keeps it street ready. It's made of recycled materials, one important step toward reducing environmental impact.","S,M,L,XL,2XL",Focus Olive,"https://assets.adidas.com/images/w_600,f_auto,q_auto/856162f3b2bc4071a58fad3700e9383b_9366/Essentials_Down_Jacket_Green_GT9168_43_detail.jpg|https://assets.adidas.com/images/w_600,f_auto,q_auto/d1ebfdd0ed6944608382ad3700e90706_9366/Essentials_Down_Jacket_Green_GT9168_21_model.jpg|https://assets.adidas.com/images/w_600,f_auto,q_auto/633285e3e6e04f3aaacead3700e90fcb_9366/Essentials_Down_Jacket_Green_GT9168_22_model.jpg|https://assets.adidas.com/images/w_600,f_auto,q_auto/5cd177e2fc224d63869ead3700e918ab_9366/Essentials_Down_Jacket_Green_GT9168_23_hover_model.jpg|https://assets.adidas.com/images/w_600,f_auto,q_auto/d2887109e2594558a63fad3700a52949_9366/Essentials_Down_Jacket_Green_GT9168_25_model.jpg|https://assets.adidas.com/images/w_600,f_auto,q_auto/25b291b8cabb4729bf1fad2700eb5869_9366/Essentials_Down_Jacket_Green_GT9168_01_laydown.jpg|https://assets.adidas.com/images/w_600,f_auto,q_auto/3e70031133394b90b75fad3700e92295_9366/Essentials_Down_Jacket_Green_GT9168_41_detail.jpg|https://assets.adidas.com/images/w_600,f_auto,q_auto/4df0860ff71a49349b8dad3700e92f2f_9366/Essentials_Down_Jacket_Green_GT9168_42_detail.jpg|https://assets.adidas.com/images/w_600,f_auto,q_auto/856162f3b2bc4071a58fad3700e9383b_9366/Essentials_Down_Jacket_Green_GT9168_43_detail.jpg|https://assets.adidas.com/images/w_600,f_auto,q_auto/d1ebfdd0ed6944608382ad3700e90706_9366/Essentials_Down_Jacket_Green_GT9168_21_model.jpg"
3,https://www.adidas.com/us/men,MEN'S NEW ARRIVALS,TREFOIL A33 TEE,$35 ,A full embrace of alien conspiracies and desert psychedelic vibes. That's what you get with this t-shirt. The bold cactus print on the back nods to those hidden mysteries that definitely don't — but maybe just might — exist. The oval logo on the front takes its cues from old adidas catalogues.,"XS,S,M,L,XL,2XL",Orbit Green,"https://assets.adidas.com/images/w_600,f_auto,q_auto/9c2112ca33c94610a94cad92013cf662_9366/Trefoil_A33_Tee_Green_HI5274_42_detail.jpg|https://assets.adidas.com/images/w_600,f_auto,q_auto/3d9c0a0f8c5348248387ad92013cad3b_9366/Trefoil_A33_Tee_Green_HI5274_21_model.jpg|https://assets.adidas.com/images/w_600,f_auto,q_auto/b856bcf94f15491da8bbad92013cbb10_9366/Trefoil_A33_Tee_Green_HI5274_23_hover_model.jpg|https://assets.adidas.com/images/w_600,f_auto,q_auto/bda99f21c678457f8ebfad92013cca86_9366/Trefoil_A33_Tee_Green_HI5274_25_model.jpg|https://assets.adidas.com/images/w_600,f_auto,q_auto/a891407885f44eb584f5ad92013d1589_9366/Trefoil_A33_Tee_Green_HI5274_01_laydown.jpg|https://assets.adidas.com/images/w_600,f_auto,q_auto/443fbb98f2704b3cb6e3ad92013ce18e_9366/Trefoil_A33_Tee_Green_HI5274_41_detail.jpg|https://assets.adidas.com/images/w_600,f_auto,q_auto/9c2112ca33c94610a94cad92013cf662_9366/Trefoil_A33_Tee_Green_HI5274_42_detail.jpg|https://assets.adidas.com/images/w_600,f_auto,q_auto/3d9c0a0f8c5348248387ad92013cad3b_9366/Trefoil_A33_Tee_Green_HI5274_21_model.jpg"
4,https://www.adidas.com/us/men,MEN'S NEW ARRIVALS,TREFOIL A33 SWEAT PANTS,$60 ,"Laid-back, casual ease is synonymous with the world of skate culture, and these sweat pants capture that exact attitude. With their soft French terry build, they're all about comfort. An expressive graphic adds a certain pop, with inspiration from the adidas archives.","XS,S,M,L,XL,2XL",Orbit Green,"https://assets.adidas.com/images/w_600,f_auto,q_auto/2293d4c98b2b4ceebafaad8e013a22a5_9366/Trefoil_A33_Sweat_Pants_Green_HI5270_42_detail.jpg|https://assets.adidas.com/images/w_600,f_auto,q_auto/a6c15fb43abf49638c6fad8e0139c4b8_9366/Trefoil_A33_Sweat_Pants_Green_HI5270_21_model.jpg|https://assets.adidas.com/images/w_600,f_auto,q_auto/f15dc536ac8342c8894cad8e0139d947_9366/Trefoil_A33_Sweat_Pants_Green_HI5270_23_hover_model.jpg|https://assets.adidas.com/images/w_600,f_auto,q_auto/88d3387e350f450ca976ad8e0139ed69_9366/Trefoil_A33_Sweat_Pants_Green_HI5270_25_model.jpg|https://assets.adidas.com/images/w_600,f_auto,q_auto/7f058b1e5e9a44deae9dad8e013a3a73_9366/Trefoil_A33_Sweat_Pants_Green_HI5270_01_laydown.jpg|https://assets.adidas.com/images/w_600,f_auto,q_auto/4f845cdd159b45679793ad8e013a08a9_9366/Trefoil_A33_Sweat_Pants_Green_HI5270_41_detail.jpg|https://assets.adidas.com/images/w_600,f_auto,q_auto/2293d4c98b2b4ceebafaad8e013a22a5_9366/Trefoil_A33_Sweat_Pants_Green_HI5270_42_detail.jpg|https://assets.adidas.com/images/w_600,f_auto,q_auto/a6c15fb43abf49638c6fad8e0139c4b8_9366/Trefoil_A33_Sweat_Pants_Green_HI5270_21_model.jpg"
5,https://www.adidas.com/us/men,MEN'S NEW ARRIVALS,TREFOIL A33 SWEAT PANTS,$60 ,"Laid-back, casual ease is synonymous with the world of skate culture, and these sweat pants capture that exact attitude. With their soft French terry build, they're all about comfort. An expressive graphic adds a certain pop, with inspiration from the adidas archives.","XS,S,M,L,XL,2XL",Auburn,"https://assets.adidas.com/images/w_600,f_auto,q_auto/1959ba34fa394efb8c5cad8e00ca5cf1_9366/Trefoil_A33_Sweat_Pants_Brown_HI5268_42_detail.jpg|https://assets.adidas.com/images/w_600,f_auto,q_auto/d073cc0519dd434fb46fad8e00ca0b45_9366/Trefoil_A33_Sweat_Pants_Brown_HI5268_21_model.jpg|https://assets.adidas.com/images/w_600,f_auto,q_auto/3a502f1e90cb49bd954cad8e00ca18b5_9366/Trefoil_A33_Sweat_Pants_Brown_HI5268_23_hover_model.jpg|https://assets.adidas.com/images/w_600,f_auto,q_auto/e9390c336d974cba90ebad8e00ca287e_9366/Trefoil_A33_Sweat_Pants_Brown_HI5268_25_model.jpg|https://assets.adidas.com/images/w_600,f_auto,q_auto/eda18b22a6b14f528ee2ad8e00ca73bd_9366/Trefoil_A33_Sweat_Pants_Brown_HI5268_01_laydown.jpg|https://assets.adidas.com/images/w_600,f_auto,q_auto/b74425d93fbb4791ba5aad8e00ca42d9_9366/Trefoil_A33_Sweat_Pants_Brown_HI5268_41_detail.jpg|https://assets.adidas.com/images/w_600,f_auto,q_auto/1959ba34fa394efb8c5cad8e00ca5cf1_9366/Trefoil_A33_Sweat_Pants_Brown_HI5268_42_detail.jpg|https://assets.adidas.com/images/w_600,f_auto,q_auto/d073cc0519dd434fb46fad8e00ca0b45_9366/Trefoil_A33_Sweat_Pants_Brown_HI5268_21_model.jpg"
6,https://www.adidas.com/us/men,MEN'S NEW ARRIVALS,TREFOIL A33 JACKET,$120 ,"A full embrace of alien conspiracies and desert psychedelic vibes. That's what you get with this adidas jacket. Cactus prints take over the whole look, a nod to those hidden facilities that definitely don't — but maybe just might — exist.","S,M,L,XL,2XL",null,"https://assets.adidas.com/images/w_600,f_auto,q_auto/84dd30059e5748f2bda5ad8e01396d84_9366/Trefoil_A33_Jacket_Multicolor_HI5267_42_detail.jpg|https://assets.adidas.com/images/w_600,f_auto,q_auto/5d2f2abea5b240ec9592ad8e01391bd3_9366/Trefoil_A33_Jacket_Multicolor_HI5267_21_model.jpg|https://assets.adidas.com/images/w_600,f_auto,q_auto/8c4223d74041481ca827ad8e01392c18_9366/Trefoil_A33_Jacket_Multicolor_HI5267_23_hover_model.jpg|https://assets.adidas.com/images/w_600,f_auto,q_auto/ad45c2894ed04f8da967ad8e01393a06_9366/Trefoil_A33_Jacket_Multicolor_HI5267_25_model.jpg|https://assets.adidas.com/images/w_600,f_auto,q_auto/7e5c394206f046c7b02fad8e0139920d_9366/Trefoil_A33_Jacket_Multicolor_HI5267_01_laydown.jpg|https://assets.adidas.com/images/w_600,f_auto,q_auto/901c836edd4742a8a0d9ad8e0139530a_9366/Trefoil_A33_Jacket_Multicolor_HI5267_41_detail.jpg|https://assets.adidas.com/images/w_600,f_auto,q_auto/84dd30059e5748f2bda5ad8e01396d84_9366/Trefoil_A33_Jacket_Multicolor_HI5267_42_detail.jpg|https://assets.adidas.com/images/w_600,f_auto,q_auto/5d2f2abea5b240ec9592ad8e01391bd3_9366/Trefoil_A33_Jacket_Multicolor_HI5267_21_model.jpg"
7,https://www.adidas.com/us/men,MEN'S NEW ARRIVALS,TREFOIL A33 HOODIE,$70 ,"Laid-back, casual ease is synonymous with the world of skate culture, and this hoodie captures that exact attitude. With its soft French terry build, the pullover is all about comfort. An expressive graphic adds a certain pop, with inspiration from the adidas archives.","XS,S,M,L,XL,2XL",Orbit Green,"https://assets.adidas.com/images/w_600,f_auto,q_auto/fb278dead3544d219119ad8e0138cbbe_9366/Trefoil_A33_Hoodie_Green_HI5266_42_detail.jpg|https://assets.adidas.com/images/w_600,f_auto,q_auto/13ec959ad9fb477daaedad8e01387e0b_9366/Trefoil_A33_Hoodie_Green_HI5266_21_model.jpg|https://assets.adidas.com/images/w_600,f_auto,q_auto/57dcb1431c2c47859cf4ad8e01388ce8_9366/Trefoil_A33_Hoodie_Green_HI5266_23_hover_model.jpg|https://assets.adidas.com/images/w_600,f_auto,q_auto/d33b97ed1b3649dc82faad8e013898ee_9366/Trefoil_A33_Hoodie_Green_HI5266_25_model.jpg|https://assets.adidas.com/images/w_600,f_auto,q_auto/9115fe8a5f604b88ba66ad8e0138ecd4_9366/Trefoil_A33_Hoodie_Green_HI5266_01_laydown.jpg|https://assets.adidas.com/images/w_600,f_auto,q_auto/32ca9a7e7b0c46f082abad8e0138b35e_9366/Trefoil_A33_Hoodie_Green_HI5266_41_detail.jpg|https://assets.adidas.com/images/w_600,f_auto,q_auto/fb278dead3544d219119ad8e0138cbbe_9366/Trefoil_A33_Hoodie_Green_HI5266_42_detail.jpg|https://assets.adidas.com/images/w_600,f_auto,q_auto/13ec959ad9fb477daaedad8e01387e0b_9366/Trefoil_A33_Hoodie_Green_HI5266_21_model.jpg"
8,https://www.adidas.com/us/men,MEN'S NEW ARRIVALS,TREFOIL A33 JACKET,$100 ,"There's no question that skate culture is a mix of ease and edge — in attitude and style. That simultaneously bold and laid-back aesthetic gets distilled into this adidas jacket. The green exterior has an unassuming side, with a purple interior for an unexpected pop.","XS,S,M,L,XL,2XL",null,"https://assets.adidas.com/images/w_600,f_auto,q_auto/d0b3337c984b4e68a5d7ad8600f3a220_9366/Trefoil_A33_Jacket_Green_HI5263_42_detail.jpg|https://assets.adidas.com/images/w_600,f_auto,q_auto/e887885438e94a08b41cad8600f382ac_9366/Trefoil_A33_Jacket_Green_HI5263_21_model.jpg|https://assets.adidas.com/images/w_600,f_auto,q_auto/dc7855763f254ce8b6b1ad8600f389d7_9366/Trefoil_A33_Jacket_Green_HI5263_23_hover_model.jpg|https://assets.adidas.com/images/w_600,f_auto,q_auto/acfc523bca8044ea8a7fad8600f39151_9366/Trefoil_A33_Jacket_Green_HI5263_25_model.jpg|https://assets.adidas.com/images/w_600,f_auto,q_auto/559611c2e9254286a64ead8600f3b098_9366/Trefoil_A33_Jacket_Green_HI5263_01_laydown.jpg|https://assets.adidas.com/images/w_600,f_auto,q_auto/f0224a9fce9a4e6db023ad8600f39a00_9366/Trefoil_A33_Jacket_Green_HI5263_41_detail.jpg|https://assets.adidas.com/images/w_600,f_auto,q_auto/d0b3337c984b4e68a5d7ad8600f3a220_9366/Trefoil_A33_Jacket_Green_HI5263_42_detail.jpg|https://assets.adidas.com/images/w_600,f_auto,q_auto/e887885438e94a08b41cad8600f382ac_9366/Trefoil_A33_Jacket_Green_HI5263_21_model.jpg"
9,https://www.adidas.com/us/men,MEN'S NEW ARRIVALS,OZELIA SHOES,$100 ,"The '90s were loud, experimental and unafraid. Just like these adidas Ozelia shoes. Lace in and let your inner confidence unleash as you stride through the day on shock-absorbent Adiprene cushioning. The sleek, futuristic style looks fast. But you'll want to stroll slow enough to really show them off.

This product is made with recycled content as part of our ambition to end plastic waste. 20% of pieces used to make the upper are made with minimum 50% recycled content.","5,5.5,6,6.5,7,7.5,8,8.5,9,9.5,10,10.5,11,11.5,12,12.5,13,14",Grey Four / Grey Three / Core Black,"https://assets.adidas.com/images/w_600,f_auto,q_auto/98f2504559c84d5ea72cad6000fcb3a0_9366/Ozelia_Shoes_Grey_H04253_43_detail.jpg|https://assets.adidas.com/images/w_600,f_auto,q_auto/fa880e1b74a947af8f14ad6000edc7f3_9366/Ozelia_Shoes_Grey_H04253_01_standard.jpg|https://assets.adidas.com/images/w_600,f_auto,q_auto/aabb47c367fc40aeb9adad6000edf398_9366/Ozelia_Shoes_Grey_H04253_012_hover_standard.jpg|https://assets.adidas.com/images/w_600,f_auto,q_auto/890b33924301408a9b8fad6000edd726_9366/Ozelia_Shoes_Grey_H04253_02_standard.jpg|https://assets.adidas.com/images/w_600,f_auto,q_auto/cf4097abcca14fa2bbeaad6000eddeb0_9366/Ozelia_Shoes_Grey_H04253_03_standard.jpg|https://assets.adidas.com/images/w_600,f_auto,q_auto/96fb2313424a44a8a4cdad6000ede551_9366/Ozelia_Shoes_Grey_H04253_04_standard.jpg|https://assets.adidas.com/images/w_600,f_auto,q_auto/346c8c8b84eb4680947aad6000eded9d_9366/Ozelia_Shoes_Grey_H04253_05_standard.jpg|https://assets.adidas.com/images/w_600,f_auto,q_auto/caf9c049688b4b019dcfad6000edd021_9366/Ozelia_Shoes_Grey_H04253_06_standard.jpg|https://assets.adidas.com/images/w_600,f_auto,q_auto/4a37bd5110294700a8afad6000ee0bec_9366/Ozelia_Shoes_Grey_H04253_09_standard.jpg|https://assets.adidas.com/images/w_600,f_auto,q_auto/7dc4afedf3424beb990aad6000edfad0_9366/Ozelia_Shoes_Grey_H04253_41_detail.jpg|https://assets.adidas.com/images/w_600,f_auto,q_auto/9d25d228a3394ef7aa3ead6000ee00d1_9366/Ozelia_Shoes_Grey_H04253_42_detail.jpg|https://assets.adidas.com/images/w_600,f_auto,q_auto/98f2504559c84d5ea72cad6000fcb3a0_9366/Ozelia_Shoes_Grey_H04253_43_detail.jpg|https://assets.adidas.com/images/w_600,f_auto,q_auto/fa880e1b74a947af8f14ad6000edc7f3_9366/Ozelia_Shoes_Grey_H04253_01_standard.jpg"
10,https://www.adidas.com/us/men,MEN'S NEW ARRIVALS,OZELIA SHOES,$100 ,"The '90s were loud, experimental and unafraid. Just like these adidas Ozelia shoes. Lace in and let your inner confidence unleash as you stride through the day on shock-absorbent Adiprene cushioning. The sleek, futuristic style looks fast. But you'll want to stroll slow enough to really show them off.

This product is made with recycled content as part of our ambition to end plastic waste. 20% of pieces used to make the upper are made with minimum 50% recycled content.","5,6,6.5,7,7.5,8,8.5,9,9.5,10,10.5,11,11.5,12,12.5,13,14",Cloud White / Pulse Yellow / Grey One,"https://assets.adidas.com/images/w_600,f_auto,q_auto/80101c3156df4b68b9c9ad5500f6a76d_9366/Ozelia_Shoes_White_GZ9176_43_detail.jpg|https://assets.adidas.com/images/w_600,f_auto,q_auto/4d37ba61024641a59bbaad5500f668fe_9366/Ozelia_Shoes_White_GZ9176_01_standard.jpg|https://assets.adidas.com/images/w_600,f_auto,q_auto/c1241a3f7e4940a29ff0ad5500f6949f_9366/Ozelia_Shoes_White_GZ9176_012_hover_standard.jpg|https://assets.adidas.com/images/w_600,f_auto,q_auto/3cd3fe170c5f470282bfad5500f67777_9366/Ozelia_Shoes_White_GZ9176_02_standard.jpg|https://assets.adidas.com/images/w_600,f_auto,q_auto/7c53200d42544d4e99fbad5500f67ed4_9366/Ozelia_Shoes_White_GZ9176_03_standard.jpg|https://assets.adidas.com/images/w_600,f_auto,q_auto/9b4132fb953548a883e6ad5500f686a5_9366/Ozelia_Shoes_White_GZ9176_04_standard.jpg|https://assets.adidas.com/images/w_600,f_auto,q_auto/3bc19ae288664cf3877aad5500f68da7_9366/Ozelia_Shoes_White_GZ9176_05_standard.jpg|https://assets.adidas.com/images/w_600,f_auto,q_auto/83b657e3fe9b46169e7ead5500f67104_9366/Ozelia_Shoes_White_GZ9176_06_standard.jpg|https://assets.adidas.com/images/w_600,f_auto,q_auto/302332ce9f5e48349d2bad5500f6b266_9366/Ozelia_Shoes_White_GZ9176_09_standard.jpg|https://assets.adidas.com/images/w_600,f_auto,q_auto/d8592c0fc5f447b28ebfad5500f69b19_9366/Ozelia_Shoes_White_GZ9176_41_detail.jpg|https://assets.adidas.com/images/w_600,f_auto,q_auto/2519bfa41e044c6d8336ad5500f6a16b_9366/Ozelia_Shoes_White_GZ9176_42_detail.jpg|https://assets.adidas.com/images/w_600,f_auto,q_auto/80101c3156df4b68b9c9ad5500f6a76d_9366/Ozelia_Shoes_White_GZ9176_43_detail.jpg|https://assets.adidas.com/images/w_600,f_auto,q_auto/4d37ba61024641a59bbaad5500f668fe_9366/Ozelia_Shoes_White_GZ9176_01_standard.jpg"
11,https://www.adidas.com/us/men,MEN'S NEW ARRIVALS,WALES BONNER KNIT PANTS,$220 ,"The adidas x Wales Bonner Knit Pants are made of luxurious, deep blue knit fabric with contrasting ribbed details. They feature embroidered adidas and Wales Bonner branding in expressive orange.",,null,"https://assets.adidas.com/images/w_600,f_auto,q_auto/f579eb167e3b479bb826adb8007390fa_9366/Wales_Bonner_Knit_Pants_Blue_HG2151_HM2.jpg|https://assets.adidas.com/images/w_600,f_auto,q_auto/f4e4163ef7514d42993faddf00264b2d_9366/Wales_Bonner_Knit_Pants_Blue_HG2151_21_model.jpg|https://assets.adidas.com/images/w_600,f_auto,q_auto/fc46367f84744de99a23addf002654ad_9366/Wales_Bonner_Knit_Pants_Blue_HG2151_23_hover_model.jpg|https://assets.adidas.com/images/w_600,f_auto,q_auto/75e1bdaae6d548e5aa57addf00265dde_9366/Wales_Bonner_Knit_Pants_Blue_HG2151_25_model.jpg|https://assets.adidas.com/images/w_600,f_auto,q_auto/a729f4d6c4364ecfbf02ad9b00d95a6b_9366/Wales_Bonner_Knit_Pants_Blue_HG2151_01_laydown.jpg|https://assets.adidas.com/images/w_600,f_auto,q_auto/2a796ad51ac6459e9342ad9b00d96985_9366/Wales_Bonner_Knit_Pants_Blue_HG2151_02_laydown.jpg|https://assets.adidas.com/images/w_600,f_auto,q_auto/54672587990741899d25addf002664f3_9366/Wales_Bonner_Knit_Pants_Blue_HG2151_25_outfit.jpg|https://assets.adidas.com/images/w_600,f_auto,q_auto/f6ace8c23b894352a5d0addf00267130_9366/Wales_Bonner_Knit_Pants_Blue_HG2151_41_detail.jpg|https://assets.adidas.com/images/w_600,f_auto,q_auto/79a4215d27294e5ca2d8addf00267dfd_9366/Wales_Bonner_Knit_Pants_Blue_HG2151_42_detail.jpg|https://assets.adidas.com/images/w_600,f_auto,q_auto/f579eb167e3b479bb826adb8007390fa_9366/Wales_Bonner_Knit_Pants_Blue_HG2151_HM2.jpg|https://assets.adidas.com/images/w_600,f_auto,q_auto/f4e4163ef7514d42993faddf00264b2d_9366/Wales_Bonner_Knit_Pants_Blue_HG2151_21_model.jpg"
12,https://www.adidas.com/us/men,MEN'S NEW ARRIVALS,DECO TREFOIL SWEAT PANTS,$65 ,"Go ahead, give in to comfort. It's as easy as slipping on these adidas sweat pants when you roll out of bed in the morning. Next stop, coffee shop or couch? Either way, an art deco-inspired Trefoil decorates your look with a splash of decadence. 

By buying cotton products from us, you're supporting more sustainable cotton farming.","XS,S,M,L,XL,2XL",null,"https://assets.adidas.com/images/w_600,f_auto,q_auto/fc5e5000650a43519868ad1001825fae_9366/Deco_Trefoil_Sweat_Pants_Green_H32303_42_detail.jpg|https://assets.adidas.com/images/w_600,f_auto,q_auto/9d06a2d97b534c77b954ad1001810a4c_9366/Deco_Trefoil_Sweat_Pants_Green_H32303_21_model.jpg|https://assets.adidas.com/images/w_600,f_auto,q_auto/f26609b8a7994af3b8e9ad100182be4a_9366/Deco_Trefoil_Sweat_Pants_Green_H32303_23_hover_model.jpg|https://assets.adidas.com/images/w_600,f_auto,q_auto/7b0f6327ae41483ab186ad1001817ee5_9366/Deco_Trefoil_Sweat_Pants_Green_H32303_25_model.jpg|https://assets.adidas.com/images/w_600,f_auto,q_auto/fd9e68b7c96d4d869276ad19015535e0_9366/Deco_Trefoil_Sweat_Pants_Green_H32303_01_laydown.jpg|https://assets.adidas.com/images/w_600,f_auto,q_auto/d14fc0a5f65243c68bb1ad1001820476_9366/Deco_Trefoil_Sweat_Pants_Green_H32303_41_detail.jpg|https://assets.adidas.com/images/w_600,f_auto,q_auto/fc5e5000650a43519868ad1001825fae_9366/Deco_Trefoil_Sweat_Pants_Green_H32303_42_detail.jpg|https://assets.adidas.com/images/w_600,f_auto,q_auto/9d06a2d97b534c77b954ad1001810a4c_9366/Deco_Trefoil_Sweat_Pants_Green_H32303_21_model.jpg"
13,https://www.adidas.com/us/men,MEN'S NEW ARRIVALS,DECO TREFOIL HOODIE,$70 ,"When you wear the Trefoil, it's more than just a style. It's a statement. A representation of adidas' sports heritage and fearless attitude. But when you wear it on this hoodie? The style factor is turned up with an art deco-inspired design. It's equal parts everyday comfort and work of art. 

By buying cotton products from us, you're supporting more sustainable cotton farming.","XS,S,M,L,XL,2XL",null,"https://assets.adidas.com/images/w_600,f_auto,q_auto/c2e3417699fe42abbdcbad10018553d6_9366/Deco_Trefoil_Hoodie_Green_H31338_42_detail.jpg|https://assets.adidas.com/images/w_600,f_auto,q_auto/f8374032f78f42e092acad100182ebfd_9366/Deco_Trefoil_Hoodie_Green_H31338_21_model.jpg|https://assets.adidas.com/images/w_600,f_auto,q_auto/545dac910b3f443697bead100181527e_9366/Deco_Trefoil_Hoodie_Green_H31338_23_hover_model.jpg|https://assets.adidas.com/images/w_600,f_auto,q_auto/cf41ca5a98234c5dba77ad10017fa416_9366/Deco_Trefoil_Hoodie_Green_H31338_25_model.jpg|https://assets.adidas.com/images/w_600,f_auto,q_auto/ee7e7229546f4d8cb15dad1901527f0e_9366/Deco_Trefoil_Hoodie_Green_H31338_01_laydown.jpg|https://assets.adidas.com/images/w_600,f_auto,q_auto/68d8f4a674284bc5aa15ad10018751fc_9366/Deco_Trefoil_Hoodie_Green_H31338_41_detail.jpg|https://assets.adidas.com/images/w_600,f_auto,q_auto/c2e3417699fe42abbdcbad10018553d6_9366/Deco_Trefoil_Hoodie_Green_H31338_42_detail.jpg|https://assets.adidas.com/images/w_600,f_auto,q_auto/f8374032f78f42e092acad100182ebfd_9366/Deco_Trefoil_Hoodie_Green_H31338_21_model.jpg"
14,https://www.adidas.com/us/men,MEN'S NEW ARRIVALS,TREFOIL SCRIPT TEE,$30 ,"Go with less is more in this luxe tee from adidas. The wraparound script gives it a modern, minimalist look. A small golden Trefoil crowns the ""A"" for a majestic pop. Soft cotton feels decadent against your skin every time you pull it on.

By buying cotton products from us, you're supporting more sustainable cotton farming.","XS,S,M,L,XL,2XL",null,"https://assets.adidas.com/images/w_600,f_auto,q_auto/c305b23d051a4afdb749ad08013e5575_9366/Trefoil_Script_Tee_Green_H31337_42_detail.jpg|https://assets.adidas.com/images/w_600,f_auto,q_auto/acf064bf07de413ba609ad08013d064b_9366/Trefoil_Script_Tee_Green_H31337_21_model.jpg|https://assets.adidas.com/images/w_600,f_auto,q_auto/32d997fe116b476b9a13ad08013ebf98_9366/Trefoil_Script_Tee_Green_H31337_23_hover_model.jpg|https://assets.adidas.com/images/w_600,f_auto,q_auto/f961d1e007b9485d9c85ad080152fbec_9366/Trefoil_Script_Tee_Green_H31337_25_model.jpg|https://assets.adidas.com/images/w_600,f_auto,q_auto/a1a473080f2d4f25b482ad12011eef6c_9366/Trefoil_Script_Tee_Green_H31337_01_laydown.jpg|https://assets.adidas.com/images/w_600,f_auto,q_auto/b1a2923fb46749c2b389ad08013be292_9366/Trefoil_Script_Tee_Green_H31337_41_detail.jpg|https://assets.adidas.com/images/w_600,f_auto,q_auto/c305b23d051a4afdb749ad08013e5575_9366/Trefoil_Script_Tee_Green_H31337_42_detail.jpg|https://assets.adidas.com/images/w_600,f_auto,q_auto/acf064bf07de413ba609ad08013d064b_9366/Trefoil_Script_Tee_Green_H31337_21_model.jpg"
15,https://www.adidas.com/us/men,MEN'S NEW ARRIVALS,TREFOIL A33 GRAPHIC TEE,$40 ,"What do a group of aliens, an animated couch and a cactus all have in common? They're all chilling hard on this adidas t-shirt. Inspired by the world of skate, it has a laid-back look and feel with a soft cotton build and playful vibes.","XS,S,M,L,XL,2XL",Wonder White,"https://assets.adidas.com/images/w_600,f_auto,q_auto/c415251042ec4e6c9cc1ad92010cccbd_9366/Trefoil_A33_Graphic_Tee_White_HI5261_42_detail.jpg|https://assets.adidas.com/images/w_600,f_auto,q_auto/2e2d785ae56049bca5ddad92010c860d_9366/Trefoil_A33_Graphic_Tee_White_HI5261_21_model.jpg|https://assets.adidas.com/images/w_600,f_auto,q_auto/ad5902f353a2407ba884ad92010c9288_9366/Trefoil_A33_Graphic_Tee_White_HI5261_23_hover_model.jpg|https://assets.adidas.com/images/w_600,f_auto,q_auto/7b9cd617f6674bd0afeaad92010c9e7a_9366/Trefoil_A33_Graphic_Tee_White_HI5261_25_model.jpg|https://assets.adidas.com/images/w_600,f_auto,q_auto/d8541ff545974b648fabad92010ceb57_9366/Trefoil_A33_Graphic_Tee_White_HI5261_01_laydown.jpg|https://assets.adidas.com/images/w_600,f_auto,q_auto/a70550644b6d469b85fdad92010cb59c_9366/Trefoil_A33_Graphic_Tee_White_HI5261_41_detail.jpg|https://assets.adidas.com/images/w_600,f_auto,q_auto/c415251042ec4e6c9cc1ad92010cccbd_9366/Trefoil_A33_Graphic_Tee_White_HI5261_42_detail.jpg|https://assets.adidas.com/images/w_600,f_auto,q_auto/2e2d785ae56049bca5ddad92010c860d_9366/Trefoil_A33_Graphic_Tee_White_HI5261_21_model.jpg"
16,https://www.adidas.com/us/men,MEN'S NEW ARRIVALS,Y-3 QISAN COZY,$400 ,"Y-3 blends inspiration from its past with state-of-the-art adidas technology to introduce a new silhouette. The Qisan Cozy takes cues from the iconic Y-3 Qasa, borrowing inspiration from the heel tab to complete the slip-on design. A neoprene upper with suede and rubber detailing establishes the connection further. The TPU plate shines through the distinctive tooling.","M 4.5 / W 5.5,M 5 / W 6,M 5.5 / W 6.5,M 6 / W 7,M 6.5 / W 7.5,M 7 / W 8,M 7.5 / W 8.5,M 8 / W 9,M 8.5 / W 9.5,M 9 / W 10,M 9.5 / W 10.5,M 10 / W 11,M 10.5 / W 11.5,M 11 / W 12,M 11.5 / W 12.5,M 12 / W 13,M 12.5 / W 13.5",Bliss / Black / Core White,"https://assets.adidas.com/images/w_600,f_auto,q_auto/2f04a0a9c6ed4d59afafad2f00e57b88_9366/Y-3_Qisan_Cozy_Beige_H05694_42_detail.jpg|https://assets.adidas.com/images/w_600,f_auto,q_auto/4f71816853ac4385bde9ad2f00e55a2e_9366/Y-3_Qisan_Cozy_Beige_H05694_01_standard.jpg|https://assets.adidas.com/images/w_600,f_auto,q_auto/26a6d82c16ee4bb99f96ad2f00e56649_9366/Y-3_Qisan_Cozy_Beige_H05694_02_standard_hover.jpg|https://assets.adidas.com/images/w_600,f_auto,q_auto/0cb2015f35714a3d91a4ad2f00e56b0e_9366/Y-3_Qisan_Cozy_Beige_H05694_03_standard.jpg|https://assets.adidas.com/images/w_600,f_auto,q_auto/ffd4a2c29f7e4188ac6ead2f00ec429c_9366/Y-3_Qisan_Cozy_Beige_H05694_04_standard.jpg|https://assets.adidas.com/images/w_600,f_auto,q_auto/2feb5106a2e2422faf87ad2f00e57067_9366/Y-3_Qisan_Cozy_Beige_H05694_05_standard.jpg|https://assets.adidas.com/images/w_600,f_auto,q_auto/f1ba9470d7344584bd32ad2f00e560e1_9366/Y-3_Qisan_Cozy_Beige_H05694_06_standard.jpg|https://assets.adidas.com/images/w_600,f_auto,q_auto/e76c3950360c482c915ead2f00e5846e_9366/Y-3_Qisan_Cozy_Beige_H05694_09_standard.jpg|https://assets.adidas.com/images/w_600,f_auto,q_auto/f8b4ce10a94048a185b1ad2f00e57627_9366/Y-3_Qisan_Cozy_Beige_H05694_41_detail.jpg|https://assets.adidas.com/images/w_600,f_auto,q_auto/2f04a0a9c6ed4d59afafad2f00e57b88_9366/Y-3_Qisan_Cozy_Beige_H05694_42_detail.jpg|https://assets.adidas.com/images/w_600,f_auto,q_auto/4f71816853ac4385bde9ad2f00e55a2e_9366/Y-3_Qisan_Cozy_Beige_H05694_01_standard.jpg"
17,https://www.adidas.com/us/men,MEN'S NEW ARRIVALS,Y-3 GR.1P HIGH,$330 ,"Y-3 evolves the adidas legacy with the Y-3 GR.1P High Shoes. Crafted to reduce environmental impact, the undyed leather upper gives off a natural hint of subtle, unassuming blue. Strong statement details create a distinctive edge, balancing the worlds of performance running and style. Signature 3-Stripes and Y-3 logos detail the ultramodern look.","M 4.5 / W 5.5,M 5 / W 6,M 5.5 / W 6.5,M 6 / W 7,M 6.5 / W 7.5,M 7 / W 8,M 7.5 / W 8.5,M 8 / W 9,M 8.5 / W 9.5,M 9 / W 10,M 9.5 / W 10.5,M 10 / W 11,M 10.5 / W 11.5,M 11 / W 12,M 11.5 / W 12.5,M 12 / W 13,M 12.5 / W 13.5",Non Dyed / Non Dyed / Core White,"https://assets.adidas.com/images/w_600,f_auto,q_auto/888cc90ae4864b8a8faaad5600a256ce_9366/Y-3_GR.1P_High_White_GZ9154_42_detail.jpg|https://assets.adidas.com/images/w_600,f_auto,q_auto/f6df1fcee7bd41718e0bad5600935b1e_9366/Y-3_GR.1P_High_White_GZ9154_01_standard.jpg|https://assets.adidas.com/images/w_600,f_auto,q_auto/c4ed437286aa47259155ad56009368cd_9366/Y-3_GR.1P_High_White_GZ9154_02_standard_hover.jpg|https://assets.adidas.com/images/w_600,f_auto,q_auto/22be9b7c4ec64454a4afad5600936fc6_9366/Y-3_GR.1P_High_White_GZ9154_03_standard.jpg|https://assets.adidas.com/images/w_600,f_auto,q_auto/88a17fd8d0c445f6a5b9ad56009376b8_9366/Y-3_GR.1P_High_White_GZ9154_04_standard.jpg|https://assets.adidas.com/images/w_600,f_auto,q_auto/cf152da0314b47bf9e6ead5600937e3e_9366/Y-3_GR.1P_High_White_GZ9154_05_standard.jpg|https://assets.adidas.com/images/w_600,f_auto,q_auto/e8c041c664074329b544ad56009361d4_9366/Y-3_GR.1P_High_White_GZ9154_06_standard.jpg|https://assets.adidas.com/images/w_600,f_auto,q_auto/c1053fcd97bc436e8939ad5600a25000_9366/Y-3_GR.1P_High_White_GZ9154_41_detail.jpg|https://assets.adidas.com/images/w_600,f_auto,q_auto/888cc90ae4864b8a8faaad5600a256ce_9366/Y-3_GR.1P_High_White_GZ9154_42_detail.jpg|https://assets.adidas.com/images/w_600,f_auto,q_auto/f6df1fcee7bd41718e0bad5600935b1e_9366/Y-3_GR.1P_High_White_GZ9154_01_standard.jpg"
18,https://www.adidas.com/us/men,MEN'S NEW ARRIVALS,Y-3 GR.1P,$300 ,"Y-3 evolves the adidas legacy with the Y-3 GR.1P Shoes. The upper gives off a natural hint of subtle, unassuming blue and is crafted with an undyed leather upper to reduce environmental impact. Strong statement details create a distinctive edge, balancing the worlds of performance running and style. Signature 3-Stripes and Y-3 logos detail the ultramodern look.","M 4.5 / W 5.5,M 5 / W 6,M 5.5 / W 6.5,M 6 / W 7,M 6.5 / W 7.5,M 7 / W 8,M 8 / W 9,M 8.5 / W 9.5,M 9 / W 10,M 9.5 / W 10.5,M 10 / W 11,M 10.5 / W 11.5,M 11 / W 12,M 11.5 / W 12.5,M 12 / W 13,M 12.5 / W 13.5",Non Dyed / Non Dyed / Core White,"https://assets.adidas.com/images/w_600,f_auto,q_auto/ecf344091a634011a866ad5600a24213_9366/Y-3_GR.1P_White_GZ9150_42_detail.jpg|https://assets.adidas.com/images/w_600,f_auto,q_auto/7a11a8b8c507475aa8f6ad56009331d1_9366/Y-3_GR.1P_White_GZ9150_01_standard.jpg|https://assets.adidas.com/images/w_600,f_auto,q_auto/8ebf44504c5d4cafbe9bad5600933f21_9366/Y-3_GR.1P_White_GZ9150_02_standard_hover.jpg|https://assets.adidas.com/images/w_600,f_auto,q_auto/bca0567e606f406e8727ad56009345d8_9366/Y-3_GR.1P_White_GZ9150_03_standard.jpg|https://assets.adidas.com/images/w_600,f_auto,q_auto/803c747294d9404eb35ead5600934c82_9366/Y-3_GR.1P_White_GZ9150_04_standard.jpg|https://assets.adidas.com/images/w_600,f_auto,q_auto/21fb53ea6cd249f8b2fbad5600935385_9366/Y-3_GR.1P_White_GZ9150_05_standard.jpg|https://assets.adidas.com/images/w_600,f_auto,q_auto/83f7806224d640f5a3a3ad5600933881_9366/Y-3_GR.1P_White_GZ9150_06_standard.jpg|https://assets.adidas.com/images/w_600,f_auto,q_auto/4dc50678c539480192faad5600a23ad6_9366/Y-3_GR.1P_White_GZ9150_41_detail.jpg|https://assets.adidas.com/images/w_600,f_auto,q_auto/ecf344091a634011a866ad5600a24213_9366/Y-3_GR.1P_White_GZ9150_42_detail.jpg|https://assets.adidas.com/images/w_600,f_auto,q_auto/7a11a8b8c507475aa8f6ad56009331d1_9366/Y-3_GR.1P_White_GZ9150_01_standard.jpg"
19,https://www.adidas.com/us/men,MEN'S NEW ARRIVALS,Y-3 HICHO,$300 ,"Y-3 examines performance sportswear through a sharp lens, informing an unconventional approach to the expected. The clean design of the Hicho shoes rides on a thick platform, adding height and creating a subtle statement. Crafted to reduce environmental impact with an undyed leather upper that gives off a natural hint of subtle, unassuming blue.","M 4.5 / W 5.5,M 5 / W 6,M 5.5 / W 6.5,M 6 / W 7,M 6.5 / W 7.5,M 7 / W 8,M 7.5 / W 8.5,M 8 / W 9,M 8.5 / W 9.5,M 9 / W 10,M 9.5 / W 10.5,M 10 / W 11,M 10.5 / W 11.5,M 11 / W 12,M 11.5 / W 12.5,M 12 / W 13,M 12.5 / W 13.5",Non Dyed / Non Dyed / Core White,"https://assets.adidas.com/images/w_600,f_auto,q_auto/d0248a1aaa1d42cb8b85ad340105c2d2_9366/Y-3_Hicho_White_GZ9148_42_detail.jpg|https://assets.adidas.com/images/w_600,f_auto,q_auto/db4c2c6f25894f159b39ad340105970c_9366/Y-3_Hicho_White_GZ9148_01_standard.jpg|https://assets.adidas.com/images/w_600,f_auto,q_auto/d897d1a6f5534351ab05ad340105a425_9366/Y-3_Hicho_White_GZ9148_02_standard_hover.jpg|https://assets.adidas.com/images/w_600,f_auto,q_auto/d7fd8d56323d48c4a573ad340105aa15_9366/Y-3_Hicho_White_GZ9148_03_standard.jpg|https://assets.adidas.com/images/w_600,f_auto,q_auto/d6e7089be2174cd2ab46ad340105aff6_9366/Y-3_Hicho_White_GZ9148_04_standard.jpg|https://assets.adidas.com/images/w_600,f_auto,q_auto/ccf64076f32a4cac8f0dad340105b5ca_9366/Y-3_Hicho_White_GZ9148_05_standard.jpg|https://assets.adidas.com/images/w_600,f_auto,q_auto/67c115d71f21401389d7ad3401059df9_9366/Y-3_Hicho_White_GZ9148_06_standard.jpg|https://assets.adidas.com/images/w_600,f_auto,q_auto/c0facf35fc024be59942ad340105bc25_9366/Y-3_Hicho_White_GZ9148_41_detail.jpg|https://assets.adidas.com/images/w_600,f_auto,q_auto/d0248a1aaa1d42cb8b85ad340105c2d2_9366/Y-3_Hicho_White_GZ9148_42_detail.jpg|https://assets.adidas.com/images/w_600,f_auto,q_auto/db4c2c6f25894f159b39ad340105970c_9366/Y-3_Hicho_White_GZ9148_01_standard.jpg"
20,https://www.adidas.com/us/men,MEN'S NEW ARRIVALS,BOBA FETT FIREBIRD TRACK PANTS,$70 ,"Belonging to his father figure, Jango Fett, Star Wars™ Boba Fett's armour is legendary. Stand out and walk tall in these essential track pants inspired by the impenetrable suit – a collaboration with Disney and Lucasfilms. Wherever you roam in the galaxy, from the city to your sofa, do it in a suit that belongs to you, nobody else.
 
These exclusive track pants are only available through adidas online. You won't find them anywhere else, however hard you hunt.","XS,S,M,L,XL,2XL",Trace Green,"https://assets.adidas.com/images/w_600,f_auto,q_auto/0cc71c98db24485aaccaadaa00ddc72c_9366/Boba_Fett_Firebird_Track_Pants_Green_HI6005_HM1.jpg|https://assets.adidas.com/images/w_600,f_auto,q_auto/153d57c1066e49a2a50cad8e00ca9140_9366/Boba_Fett_Firebird_Track_Pants_Green_HI6005_21_model.jpg|https://assets.adidas.com/images/w_600,f_auto,q_auto/7d5f6807dd5a40b0aaf8ad8e00ca9f3b_9366/Boba_Fett_Firebird_Track_Pants_Green_HI6005_23_hover_model.jpg|https://assets.adidas.com/images/w_600,f_auto,q_auto/91be95381d754aebbe01ad8e00caae6f_9366/Boba_Fett_Firebird_Track_Pants_Green_HI6005_25_model.jpg|https://assets.adidas.com/images/w_600,f_auto,q_auto/1ffdb2adb4784c3fbd11ad8e00caf3c1_9366/Boba_Fett_Firebird_Track_Pants_Green_HI6005_01_laydown.jpg|https://assets.adidas.com/images/w_600,f_auto,q_auto/7182f3e8a6264ea7a3d2ad8e00cac824_9366/Boba_Fett_Firebird_Track_Pants_Green_HI6005_41_detail.jpg|https://assets.adidas.com/images/w_600,f_auto,q_auto/87328f366661460baabaad8e00caddf9_9366/Boba_Fett_Firebird_Track_Pants_Green_HI6005_42_detail.jpg|https://assets.adidas.com/images/w_600,f_auto,q_auto/0cc71c98db24485aaccaadaa00ddc72c_9366/Boba_Fett_Firebird_Track_Pants_Green_HI6005_HM1.jpg|https://assets.adidas.com/images/w_600,f_auto,q_auto/153d57c1066e49a2a50cad8e00ca9140_9366/Boba_Fett_Firebird_Track_Pants_Green_HI6005_21_model.jpg"
21,https://www.adidas.com/us/men,MEN'S NEW ARRIVALS,JABBA'S THRONE ROOM HOODIE,$70 ,"Boba Fett is back, and he wants his seat. Pay homage to the moment of return Boba-style, with a hoodie that's perfect for the street or for claiming your rightful place on the sofa to watch the rest of the Star Wars™ saga, created in collaboration with Disney and Lucasfilm. 

With iconic details, elasticated cuffs and a drawstring, this statement hoodie is the ultimate in bounty hunter ease. It's only available exclusively through adidas online, you won't find it anywhere else.","XS,S,M,L,XL,2XL",null,"https://assets.adidas.com/images/w_600,f_auto,q_auto/ec5ecdaa200f45faac0fadaa00dd7e67_9366/Jabba's_Throne_Room_Hoodie_White_HI6003_HM1.jpg|https://assets.adidas.com/images/w_600,f_auto,q_auto/2ddbfee44d4a48608b9aad8e013c332c_9366/Jabba's_Throne_Room_Hoodie_White_HI6003_21_model.jpg|https://assets.adidas.com/videos/w_600,f_auto,q_auto/0a7fe370ba16444a8ce6add600e6fc59_d98c/Jabba's_Throne_Room_Hoodie_White_HI6003_video.jpg|https://assets.adidas.com/images/w_600,f_auto,q_auto/94789e41fb8a42cca03aad8e013c3f35_9366/Jabba's_Throne_Room_Hoodie_White_HI6003_23_hover_model.jpg|https://assets.adidas.com/images/w_600,f_auto,q_auto/a1e463d5f8c74922b47dad8e013c4bd1_9366/Jabba's_Throne_Room_Hoodie_White_HI6003_25_model.jpg|https://assets.adidas.com/images/w_600,f_auto,q_auto/9454731d2f4c48a39be9ad8e013c9fae_9366/Jabba's_Throne_Room_Hoodie_White_HI6003_01_laydown.jpg|https://assets.adidas.com/images/w_600,f_auto,q_auto/73d049ad155f4a3ebea0ad8e013c65b9_9366/Jabba's_Throne_Room_Hoodie_White_HI6003_41_detail.jpg|https://assets.adidas.com/images/w_600,f_auto,q_auto/9e4b8b883df74ee88cedad8e013c8120_9366/Jabba's_Throne_Room_Hoodie_White_HI6003_42_detail.jpg|https://assets.adidas.com/images/w_600,f_auto,q_auto/ec5ecdaa200f45faac0fadaa00dd7e67_9366/Jabba's_Throne_Room_Hoodie_White_HI6003_HM1.jpg|https://assets.adidas.com/images/w_600,f_auto,q_auto/2ddbfee44d4a48608b9aad8e013c332c_9366/Jabba's_Throne_Room_Hoodie_White_HI6003_21_model.jpg"
22,https://www.adidas.com/us/men,MEN'S NEW ARRIVALS,BOBA FETT FIREBIRD TRACK PANTS,$70 ,"Belonging to his father figure, Jango Fett, Star Wars™ Boba Fett's armour is legendary. Stand out and walk tall in these essential track pants inspired by the impenetrable suit – a collaboration with Disney and Lucasfilms. Wherever you roam in the galaxy, from the city to your sofa, do it in a suit that belongs to you, nobody else.
 
These exclusive track pants are only available through adidas online. You won't find them anywhere else, however hard you hunt.","XS,S,M,L,XL,2XL",Black,"https://assets.adidas.com/images/w_600,f_auto,q_auto/7bcb72c9c6d64fd486d4adaa00ddc604_9366/Boba_Fett_Firebird_Track_Pants_Black_HI6004_HM1.jpg|https://assets.adidas.com/images/w_600,f_auto,q_auto/143ba8c6e1cf400a89aaad8e013cc9a0_9366/Boba_Fett_Firebird_Track_Pants_Black_HI6004_21_model.jpg|https://assets.adidas.com/images/w_600,f_auto,q_auto/f595843eba624acb895aad8e013cd7ea_9366/Boba_Fett_Firebird_Track_Pants_Black_HI6004_23_hover_model.jpg|https://assets.adidas.com/images/w_600,f_auto,q_auto/d9d8053b4e79447d8b73ad8e013ce62c_9366/Boba_Fett_Firebird_Track_Pants_Black_HI6004_25_model.jpg|https://assets.adidas.com/images/w_600,f_auto,q_auto/cc5cb5e70aa1488da5f4ad8e013d2a71_9366/Boba_Fett_Firebird_Track_Pants_Black_HI6004_01_laydown.jpg|https://assets.adidas.com/images/w_600,f_auto,q_auto/7b06fe219a6743ec9d56ad8e013d0155_9366/Boba_Fett_Firebird_Track_Pants_Black_HI6004_41_detail.jpg|https://assets.adidas.com/images/w_600,f_auto,q_auto/c4200c72b4c6406bb5a5ad8e013d1699_9366/Boba_Fett_Firebird_Track_Pants_Black_HI6004_42_detail.jpg|https://assets.adidas.com/images/w_600,f_auto,q_auto/7bcb72c9c6d64fd486d4adaa00ddc604_9366/Boba_Fett_Firebird_Track_Pants_Black_HI6004_HM1.jpg|https://assets.adidas.com/images/w_600,f_auto,q_auto/143ba8c6e1cf400a89aaad8e013cc9a0_9366/Boba_Fett_Firebird_Track_Pants_Black_HI6004_21_model.jpg"
23,https://www.adidas.com/us/men,MEN'S NEW ARRIVALS,JABBA'S THRONE ROOM 3S TEE,$35 ,"Everyone loves a great comeback. And they don't come better than Boba Fett's return to Jabba the Hutt's palace on Tatooine™. Make your grand entrance in this classic Star Wars™ inspired T-shirt, with iconic Jabba's Throne Room graphic print. 

Created in collaboration with Disney and Lucasfilm, this bounty is exclusively available only through adidas online. You won't find it anywhere else, no matter how hard you hunt.","XS,S,M,L,XL,2XL",null,"https://assets.adidas.com/images/w_600,f_auto,q_auto/561531ac985f41899a1badaa00dd6ff6_9366/Jabba's_Throne_Room_3S_Tee_White_HI6002_HM1.jpg|https://assets.adidas.com/images/w_600,f_auto,q_auto/b6a03056cfeb4dd590e2ad8e013b96c1_9366/Jabba's_Throne_Room_3S_Tee_White_HI6002_21_model.jpg|https://assets.adidas.com/videos/w_600,f_auto,q_auto/7cb2c1ea88d64f1c89d0add600e6fc2c_d98c/Jabba's_Throne_Room_3S_Tee_White_HI6002_video.jpg|https://assets.adidas.com/images/w_600,f_auto,q_auto/e009335cade24b668815ad8e013ba4bb_9366/Jabba's_Throne_Room_3S_Tee_White_HI6002_23_hover_model.jpg|https://assets.adidas.com/images/w_600,f_auto,q_auto/74081b3e9b054dabaafaad8e013bb043_9366/Jabba's_Throne_Room_3S_Tee_White_HI6002_25_model.jpg|https://assets.adidas.com/images/w_600,f_auto,q_auto/4ed647ce16f04bdea2f5ad8e013c05a1_9366/Jabba's_Throne_Room_3S_Tee_White_HI6002_01_laydown.jpg|https://assets.adidas.com/images/w_600,f_auto,q_auto/0b2d0881ac41471ba3dbad8e013bc93c_9366/Jabba's_Throne_Room_3S_Tee_White_HI6002_41_detail.jpg|https://assets.adidas.com/images/w_600,f_auto,q_auto/a150abe0cf2c405cbaacad8e013be737_9366/Jabba's_Throne_Room_3S_Tee_White_HI6002_42_detail.jpg|https://assets.adidas.com/images/w_600,f_auto,q_auto/561531ac985f41899a1badaa00dd6ff6_9366/Jabba's_Throne_Room_3S_Tee_White_HI6002_HM1.jpg|https://assets.adidas.com/images/w_600,f_auto,q_auto/b6a03056cfeb4dd590e2ad8e013b96c1_9366/Jabba's_Throne_Room_3S_Tee_White_HI6002_21_model.jpg"
24,https://www.adidas.com/us/men,MEN'S NEW ARRIVALS,TREFOIL BEANIE,$22 ,A symbol of sport. A celebration of creativity. A commitment to living authentically. The adidas Trefoil logo stands out in simple embroidery on the front of this adidas beanie. Pull it on to keep your ears warm and your style fresh.,,null,"https://assets.adidas.com/images/w_600,f_auto,q_auto/1bec2474d2c34d86ad3baca100821a17_9366/Trefoil_Beanie_Grey_EY0773_42_detail.jpg|https://assets.adidas.com/images/w_600,f_auto,q_auto/7f54fa38f23f420088afaca100792f17_9366/Trefoil_Beanie_Grey_EY0773_01_standard.jpg|https://assets.adidas.com/images/w_600,f_auto,q_auto/1ba7f39d74f94d89aed9aca1007d4f1f_9366/Trefoil_Beanie_Grey_EY0773_02_standard_hover.jpg|https://assets.adidas.com/images/w_600,f_auto,q_auto/70e976a6940e4894add6aca10081ccb8_9366/Trefoil_Beanie_Grey_EY0773_41_detail.jpg|https://assets.adidas.com/images/w_600,f_auto,q_auto/1bec2474d2c34d86ad3baca100821a17_9366/Trefoil_Beanie_Grey_EY0773_42_detail.jpg|https://assets.adidas.com/images/w_600,f_auto,q_auto/7f54fa38f23f420088afaca100792f17_9366/Trefoil_Beanie_Grey_EY0773_01_standard.jpg"
25,https://www.adidas.com/us/men,MEN'S NEW ARRIVALS,COLORWASH BEANIE,$30 ,"Cold day, coffee shop and city street verified, the beanie is a style essential. Wear this one from adidas when you want all the classic details — soft cotton and a cuff — and leveled up style. The unique color wash brings on the good vibes.

By buying cotton products from us, you're supporting more sustainable cotton farming.""",,Light Pink,"https://assets.adidas.com/images/w_600,f_auto,q_auto/70023889583941c6a2c2aca100a37c43_9366/Colorwash_Beanie_Pink_EY0739_42_detail.jpg|https://assets.adidas.com/images/w_600,f_auto,q_auto/6eea6a6280944503b1a0aca100a12d91_9366/Colorwash_Beanie_Pink_EY0739_01_standard.jpg|https://assets.adidas.com/images/w_600,f_auto,q_auto/6a6a3520e2c549288e5aaca100a189df_9366/Colorwash_Beanie_Pink_EY0739_02_standard_hover.jpg|https://assets.adidas.com/images/w_600,f_auto,q_auto/f470a04f5d9540d28f58aca100a22733_9366/Colorwash_Beanie_Pink_EY0739_41_detail.jpg|https://assets.adidas.com/images/w_600,f_auto,q_auto/70023889583941c6a2c2aca100a37c43_9366/Colorwash_Beanie_Pink_EY0739_42_detail.jpg|https://assets.adidas.com/images/w_600,f_auto,q_auto/6eea6a6280944503b1a0aca100a12d91_9366/Colorwash_Beanie_Pink_EY0739_01_standard.jpg"
26,https://www.adidas.com/us/men,MEN'S NEW ARRIVALS,SUPERSTAR SHOES,$90 ,"Hardwood hero. Hip hop uniform. Style staple. The adidas Superstar Shoes have played so many roles and starred in so many scenes over the years. Make them part of your Halloween ensemble and your costume choices are still wide open. Celebrating the holiday as well as the heritage, this pair complements the autumn leaves with seasonal colors and details. The famous rubber shell toe caps off the legendary style.",,Tech Copper / Off White / Tech Copper,"https://assets.adidas.com/images/w_600,f_auto,q_auto/a45c59eff04f492da8aaad59011ecfcc_9366/Superstar_Shoes_Brown_GW8847_42_detail.jpg|https://assets.adidas.com/images/w_600,f_auto,q_auto/b7c1c97e756a480ab266ad59011ea0cb_9366/Superstar_Shoes_Brown_GW8847_01_standard.jpg|https://assets.adidas.com/videos/w_600,f_auto,q_auto/fbb0915435494d8495e6ada900781e2a_d98c/Superstar_Shoes_Brown_GW8847_video.jpg|https://assets.adidas.com/images/w_600,f_auto,q_auto/f436dd764d3045bda670ad59011eadcc_9366/Superstar_Shoes_Brown_GW8847_02_standard_hover.jpg|https://assets.adidas.com/images/w_600,f_auto,q_auto/3f4898367b0b4023ae60ad59011eb492_9366/Superstar_Shoes_Brown_GW8847_03_standard.jpg|https://assets.adidas.com/images/w_600,f_auto,q_auto/18d064737c504456a297ad59011ebb1d_9366/Superstar_Shoes_Brown_GW8847_04_standard.jpg|https://assets.adidas.com/images/w_600,f_auto,q_auto/2628c7e44f0c4bfba2b5ad59011ec23c_9366/Superstar_Shoes_Brown_GW8847_05_standard.jpg|https://assets.adidas.com/images/w_600,f_auto,q_auto/505826d3107e484fbe40ad59011ea78c_9366/Superstar_Shoes_Brown_GW8847_06_standard.jpg|https://assets.adidas.com/images/w_600,f_auto,q_auto/ffd942055ba341e6bcc1ad59011eda3c_9366/Superstar_Shoes_Brown_GW8847_09_standard.jpg|https://assets.adidas.com/images/w_600,f_auto,q_auto/47de261b87114275b084ad59011ec8ee_9366/Superstar_Shoes_Brown_GW8847_41_detail.jpg|https://assets.adidas.com/images/w_600,f_auto,q_auto/a45c59eff04f492da8aaad59011ecfcc_9366/Superstar_Shoes_Brown_GW8847_42_detail.jpg|https://assets.adidas.com/images/w_600,f_auto,q_auto/b7c1c97e756a480ab266ad59011ea0cb_9366/Superstar_Shoes_Brown_GW8847_01_standard.jpg"
27,https://www.adidas.com/us/men,MEN'S NEW ARRIVALS,ADILETTE SLIDES,$45 ,"Get comfortable. Slip into a slower pace in these adidas slides. A cozy version of the Adilette, they feel just right while winding down at home post-workout.",,Wonder White / Supplier Colour / Blue Bird,"https://assets.adidas.com/images/w_600,f_auto,q_auto/421ea24cc934431aadc2ada4007e4549_9366/Adilette_Slides_White_GW0821_HM2.jpg|https://assets.adidas.com/images/w_600,f_auto,q_auto/d9d55acd5a3845f99a77ad570136e9ab_9366/Adilette_Slides_White_GW0821_01_standard.jpg|https://assets.adidas.com/images/w_600,f_auto,q_auto/a71621a0f58d44239053ad570136f749_9366/Adilette_Slides_White_GW0821_02_standard_hover.jpg|https://assets.adidas.com/images/w_600,f_auto,q_auto/54f94e58ba4b4411ae1bad570136ff7f_9366/Adilette_Slides_White_GW0821_03_standard.jpg|https://assets.adidas.com/images/w_600,f_auto,q_auto/34d7203382054afeb339ad57013704f0_9366/Adilette_Slides_White_GW0821_04_standard.jpg|https://assets.adidas.com/images/w_600,f_auto,q_auto/0052b76770f64af0aa71ad5701370cf1_9366/Adilette_Slides_White_GW0821_05_standard.jpg|https://assets.adidas.com/images/w_600,f_auto,q_auto/7932718f0ebe44e28a33ad570136f0c5_9366/Adilette_Slides_White_GW0821_06_standard.jpg|https://assets.adidas.com/images/w_600,f_auto,q_auto/3e4107f733e348918772ad57013724cf_9366/Adilette_Slides_White_GW0821_09_standard.jpg|https://assets.adidas.com/images/w_600,f_auto,q_auto/b9af735c0e3e43aeb2a6ad570137140b_9366/Adilette_Slides_White_GW0821_41_detail.jpg|https://assets.adidas.com/images/w_600,f_auto,q_auto/85bc00fe5b2d40f9b344ad5701371a7b_9366/Adilette_Slides_White_GW0821_42_detail.jpg|https://assets.adidas.com/images/w_600,f_auto,q_auto/664413b672fb4779a293ada4007e45da_9366/Adilette_Slides_White_GW0821_HM1.jpg|https://assets.adidas.com/images/w_600,f_auto,q_auto/421ea24cc934431aadc2ada4007e4549_9366/Adilette_Slides_White_GW0821_HM2.jpg|https://assets.adidas.com/images/w_600,f_auto,q_auto/d9d55acd5a3845f99a77ad570136e9ab_9366/Adilette_Slides_White_GW0821_01_standard.jpg"
28,https://www.adidas.com/us/men,MEN'S NEW ARRIVALS,ADIDAS WINTER HOLIDAY LIGHTS LOGO GRAPHIC TEE,$25 ,"When the holidays come around, there's no holding back. It's a time for celebration, shiny lights and getting extra cozy. In this t-shirt, the holidays are every day. Festive lights wrap around an adidas Badge of Sport logo, letting your love of sport shine.","S,M,L,XL,2XL,3XL",Dark Grey Heather / White,"https://assets.adidas.com/images/w_600,f_auto,q_auto/c7bfe4b633be40f7a5aaad13008b2985_9366/adidas_Winter_Holiday_Lights_Logo_Graphic_Tee_Grey_HB4864_42_detail.jpg|https://assets.adidas.com/images/w_600,f_auto,q_auto/899ac19c9a5d4f659785ad13008b9366_9366/adidas_Winter_Holiday_Lights_Logo_Graphic_Tee_Grey_HB4864_21_model.jpg|https://assets.adidas.com/images/w_600,f_auto,q_auto/af1a8d820b4e42809e0dad13008d3e66_9366/adidas_Winter_Holiday_Lights_Logo_Graphic_Tee_Grey_HB4864_23_hover_model.jpg|https://assets.adidas.com/images/w_600,f_auto,q_auto/c1adf0f22acc4d728691ad130090e144_9366/adidas_Winter_Holiday_Lights_Logo_Graphic_Tee_Grey_HB4864_25_model.jpg|https://assets.adidas.com/images/w_600,f_auto,q_auto/9ecb2239c2a8412fb06aad220058ed8d_9366/adidas_Winter_Holiday_Lights_Logo_Graphic_Tee_Grey_HB4864_01_laydown.jpg|https://assets.adidas.com/images/w_600,f_auto,q_auto/abecd13c0a1c4424ab6aad13008aaeb6_9366/adidas_Winter_Holiday_Lights_Logo_Graphic_Tee_Grey_HB4864_41_detail.jpg|https://assets.adidas.com/images/w_600,f_auto,q_auto/c7bfe4b633be40f7a5aaad13008b2985_9366/adidas_Winter_Holiday_Lights_Logo_Graphic_Tee_Grey_HB4864_42_detail.jpg|https://assets.adidas.com/images/w_600,f_auto,q_auto/899ac19c9a5d4f659785ad13008b9366_9366/adidas_Winter_Holiday_Lights_Logo_Graphic_Tee_Grey_HB4864_21_model.jpg"
29,https://www.adidas.com/us/men,MEN'S NEW ARRIVALS,ADIDAS WINTER HOLIDAY LIGHTS LOGO GRAPHIC TEE,$25 ,"When the holidays come around, there's no holding back. It's a time for celebration, shiny lights and getting extra cozy. In this t-shirt, the holidays are every day. Festive lights wrap around an adidas Badge of Sport logo, letting your love of sport shine.","S,M,L,XL,2XL",Black / White,"https://assets.adidas.com/images/w_600,f_auto,q_auto/4939e57b17f846f7a590ad130089a66d_9366/adidas_Winter_Holiday_Lights_Logo_Graphic_Tee_Black_HB4863_42_detail.jpg|https://assets.adidas.com/images/w_600,f_auto,q_auto/ee6428d796a24fb29286ad13008f86b1_9366/adidas_Winter_Holiday_Lights_Logo_Graphic_Tee_Black_HB4863_21_model.jpg|https://assets.adidas.com/images/w_600,f_auto,q_auto/15ac1b733d2f49f2b8e8ad13008db476_9366/adidas_Winter_Holiday_Lights_Logo_Graphic_Tee_Black_HB4863_23_hover_model.jpg|https://assets.adidas.com/images/w_600,f_auto,q_auto/c19a3bb658404904b345ad130092ddae_9366/adidas_Winter_Holiday_Lights_Logo_Graphic_Tee_Black_HB4863_25_model.jpg|https://assets.adidas.com/images/w_600,f_auto,q_auto/e7b7d39db1924e7aae2cad2200713abb_9366/adidas_Winter_Holiday_Lights_Logo_Graphic_Tee_Black_HB4863_01_laydown.jpg|https://assets.adidas.com/images/w_600,f_auto,q_auto/4939e57b17f846f7a590ad130089a66d_9366/adidas_Winter_Holiday_Lights_Logo_Graphic_Tee_Black_HB4863_42_detail.jpg|https://assets.adidas.com/images/w_600,f_auto,q_auto/ee6428d796a24fb29286ad13008f86b1_9366/adidas_Winter_Holiday_Lights_Logo_Graphic_Tee_Black_HB4863_21_model.jpg"
30,https://www.adidas.com/us/men,MEN'S NEW ARRIVALS,ULTRABOOST 21 COLD.RDY SHOES,$190 ,"When the weather turns cold and wet, you still owe it to yourself to get out there. These adidas Ultraboost 21 COLD.RDY Shoes make it easier. The insulated upper sheds water to keep your feet warm and dry. A Continental™ WinterGrip™ Rubber outsole keeps your footing secure on steep downhills and slippery stairs. Responsive Boost cushioning gives you an energized feeling that reminds you that you can always go one more step, maybe one more block or perhaps another mile.","6,6.5,7,7.5,8,8.5,9,9.5,10,10.5,11,11.5,12,12.5,13,14",null,"https://assets.adidas.com/images/w_600,f_auto,q_auto/4262763e0e344b878e21ad5e00291d25_9366/Ultraboost_21_COLD.RDY_Shoes_White_S23898_42_detail.jpg|https://assets.adidas.com/images/w_600,f_auto,q_auto/ec76c7b8df6c4074bd50ad5e0028e864_9366/Ultraboost_21_COLD.RDY_Shoes_White_S23898_01_standard.jpg|https://assets.adidas.com/images/w_600,f_auto,q_auto/bd0ed21540c14658830fad5e0028f95e_9366/Ultraboost_21_COLD.RDY_Shoes_White_S23898_02_standard_hover.jpg|https://assets.adidas.com/images/w_600,f_auto,q_auto/0d856840c7c04abb8dd2ad5e00290024_9366/Ultraboost_21_COLD.RDY_Shoes_White_S23898_03_standard.jpg|https://assets.adidas.com/images/w_600,f_auto,q_auto/3222e6f09d024cdbaf90ad5e0029059a_9366/Ultraboost_21_COLD.RDY_Shoes_White_S23898_04_standard.jpg|https://assets.adidas.com/images/w_600,f_auto,q_auto/ba946875f25943539164ad5e00290f0e_9366/Ultraboost_21_COLD.RDY_Shoes_White_S23898_05_standard.jpg|https://assets.adidas.com/images/w_600,f_auto,q_auto/ea88f8695e904cb09702ad5e0028f20d_9366/Ultraboost_21_COLD.RDY_Shoes_White_S23898_06_standard.jpg|https://assets.adidas.com/images/w_600,f_auto,q_auto/9ab8ad4ffedf42aa8911ad5e003eaac8_9366/Ultraboost_21_COLD.RDY_Shoes_White_S23898_09_standard.jpg|https://assets.adidas.com/images/w_600,f_auto,q_auto/0e7953c0ec0e4dd59032ad5e00291619_9366/Ultraboost_21_COLD.RDY_Shoes_White_S23898_41_detail.jpg|https://assets.adidas.com/images/w_600,f_auto,q_auto/4262763e0e344b878e21ad5e00291d25_9366/Ultraboost_21_COLD.RDY_Shoes_White_S23898_42_detail.jpg|https://assets.adidas.com/images/w_600,f_auto,q_auto/ec76c7b8df6c4074bd50ad5e0028e864_9366/Ultraboost_21_COLD.RDY_Shoes_White_S23898_01_standard.jpg"
31,https://www.adidas.com/us/men,MEN'S NEW ARRIVALS,ULTRABOOST 4.0 DNA,$180 ,null,"M 4 / W 5,M 4.5 / W 5.5,M 5 / W 6,M 5.5 / W 6.5,M 6 / W 7,M 7 / W 8,M 7.5 / W 8.5,M 8 / W 9,M 8.5 / W 9.5,M 9 / W 10,M 9.5 / W 10.5,M 10 / W 11,M 10.5 / W 11.5,M 11 / W 12,M 11.5 / W 12.5,M 12 / W 13,M 12.5 / W 13.5",Core Black / Matte Gold / Carbon,"https://assets.adidas.com/images/w_600,f_auto,q_auto/f6fa084ceb82400db724adbe00b35ae9_9366/ULTRABOOST_4.0_DNA_Black_GY8542_42_detail.jpg|https://assets.adidas.com/images/w_600,f_auto,q_auto/2ca903b83d7449cc9373adbe00b2ff45_9366/ULTRABOOST_4.0_DNA_Black_GY8542_01_standard.jpg|https://assets.adidas.com/images/w_600,f_auto,q_auto/77145a3e6f3d400d9a80adbe00b318d6_9366/ULTRABOOST_4.0_DNA_Black_GY8542_02_standard_hover.jpg|https://assets.adidas.com/images/w_600,f_auto,q_auto/af1ca3156a9b43b6b759adbe00b3250e_9366/ULTRABOOST_4.0_DNA_Black_GY8542_03_standard.jpg|https://assets.adidas.com/images/w_600,f_auto,q_auto/4b75f4dc73d041c19114adbe00b33186_9366/ULTRABOOST_4.0_DNA_Black_GY8542_04_standard.jpg|https://assets.adidas.com/images/w_600,f_auto,q_auto/12267b7bdc3547ac8bfcadbe00b340f4_9366/ULTRABOOST_4.0_DNA_Black_GY8542_05_standard.jpg|https://assets.adidas.com/images/w_600,f_auto,q_auto/1ecc67b58c35484c84cbadbe00b30aa5_9366/ULTRABOOST_4.0_DNA_Black_GY8542_06_standard.jpg|https://assets.adidas.com/images/w_600,f_auto,q_auto/f349ede96e9a4be9a94cadbe01153774_9366/ULTRABOOST_4.0_DNA_Black_GY8542_09_standard.jpg|https://assets.adidas.com/images/w_600,f_auto,q_auto/4540ff4a8d154f99a99fadbe00b34fd5_9366/ULTRABOOST_4.0_DNA_Black_GY8542_41_detail.jpg|https://assets.adidas.com/images/w_600,f_auto,q_auto/f6fa084ceb82400db724adbe00b35ae9_9366/ULTRABOOST_4.0_DNA_Black_GY8542_42_detail.jpg|https://assets.adidas.com/images/w_600,f_auto,q_auto/2ca903b83d7449cc9373adbe00b2ff45_9366/ULTRABOOST_4.0_DNA_Black_GY8542_01_standard.jpg"
32,https://www.adidas.com/us/men,MEN'S NEW ARRIVALS,ADIDAS SPRT 3-STRIPES SHERPA PANTS,$90 ,"Classic style for cold days. Layer on warmth and an iconic look in these adidas 3-Stripes pants. Plush sherpa fleece really locks in the heat, and a relaxed fit gives you room to move all day long.

This product is made with recycled content as part of our ambition to end plastic waste.","XS,S,M,L,XL,2XL",null,"https://assets.adidas.com/images/w_600,f_auto,q_auto/42305680eada41cbad9aad130153ed34_9366/adidas_SPRT_3-Stripes_Sherpa_Pants_Black_H31298_42_detail.jpg|https://assets.adidas.com/images/w_600,f_auto,q_auto/859635a9adae45279bfead13015d12aa_9366/adidas_SPRT_3-Stripes_Sherpa_Pants_Black_H31298_21_model.jpg|https://assets.adidas.com/images/w_600,f_auto,q_auto/b0731746cfea457bad70ad13015d6bee_9366/adidas_SPRT_3-Stripes_Sherpa_Pants_Black_H31298_23_hover_model.jpg|https://assets.adidas.com/images/w_600,f_auto,q_auto/7043981b1bd44d66ba98ad130154a403_9366/adidas_SPRT_3-Stripes_Sherpa_Pants_Black_H31298_25_model.jpg|https://assets.adidas.com/images/w_600,f_auto,q_auto/6b9f2a2c8c854e8cbb70ad19015ec69c_9366/adidas_SPRT_3-Stripes_Sherpa_Pants_Black_H31298_01_laydown.jpg|https://assets.adidas.com/images/w_600,f_auto,q_auto/0ded2ef54a4b466b8c12ad130153179f_9366/adidas_SPRT_3-Stripes_Sherpa_Pants_Black_H31298_41_detail.jpg|https://assets.adidas.com/images/w_600,f_auto,q_auto/42305680eada41cbad9aad130153ed34_9366/adidas_SPRT_3-Stripes_Sherpa_Pants_Black_H31298_42_detail.jpg|https://assets.adidas.com/images/w_600,f_auto,q_auto/859635a9adae45279bfead13015d12aa_9366/adidas_SPRT_3-Stripes_Sherpa_Pants_Black_H31298_21_model.jpg"
33,https://www.adidas.com/us/men,MEN'S NEW ARRIVALS,ADIDAS SPRT FIREBIRD SHERPA TRACK JACKET,$100 ,"Classic style for cold days. Layer on warmth and an iconic look in this adidas Firebird track jacket. Plush sherpa fleece really locks in the heat, and a relaxed fit gives you room to move all day long.

This product is made with recycled content as part of our ambition to end plastic waste.","XS,S,M,L,XL,2XL",null,"https://assets.adidas.com/images/w_600,f_auto,q_auto/247320efce584484bc9dad1601602704_9366/adidas_SPRT_Firebird_Sherpa_Track_Jacket_Black_H31296_42_detail.jpg|https://assets.adidas.com/images/w_600,f_auto,q_auto/d81f2e58e61941da9f7dad1601689dcc_9366/adidas_SPRT_Firebird_Sherpa_Track_Jacket_Black_H31296_21_model.jpg|https://assets.adidas.com/images/w_600,f_auto,q_auto/aaa0b08d865d447f9b21ad160167f709_9366/adidas_SPRT_Firebird_Sherpa_Track_Jacket_Black_H31296_23_hover_model.jpg|https://assets.adidas.com/images/w_600,f_auto,q_auto/237a7e3ecd34491797b3ad160162207d_9366/adidas_SPRT_Firebird_Sherpa_Track_Jacket_Black_H31296_25_model.jpg|https://assets.adidas.com/images/w_600,f_auto,q_auto/a84e3acf022a44edbf91ad16015fbc62_9366/adidas_SPRT_Firebird_Sherpa_Track_Jacket_Black_H31296_41_detail.jpg|https://assets.adidas.com/images/w_600,f_auto,q_auto/247320efce584484bc9dad1601602704_9366/adidas_SPRT_Firebird_Sherpa_Track_Jacket_Black_H31296_42_detail.jpg|https://assets.adidas.com/images/w_600,f_auto,q_auto/d81f2e58e61941da9f7dad1601689dcc_9366/adidas_SPRT_Firebird_Sherpa_Track_Jacket_Black_H31296_21_model.jpg"
34,https://www.adidas.com/us/men,MEN'S NEW ARRIVALS,TERREX SWIFT R3 HIKING SHOES,$130 ,,"7,7.5,8,8.5,9,9.5,10,10.5,11,11.5,12,12.5,13,14,15",Focus Olive / Grey Three / Core Black,"https://assets.adidas.com/images/w_600,f_auto,q_auto/f81285cebdf54b5caffcad3b01175241_9366/Terrex_Swift_R3_Hiking_Shoes_Green_GY5076_42_detail.jpg|https://assets.adidas.com/images/w_600,f_auto,q_auto/6c8b73170155487b8c21ad3b01171fc7_9366/Terrex_Swift_R3_Hiking_Shoes_Green_GY5076_01_standard.jpg|https://assets.adidas.com/images/w_600,f_auto,q_auto/840b94acc9a04cc3ae7fad3b01172e73_9366/Terrex_Swift_R3_Hiking_Shoes_Green_GY5076_02_standard_hover.jpg|https://assets.adidas.com/images/w_600,f_auto,q_auto/d5485ce8b30d41ff8438ad3b01173593_9366/Terrex_Swift_R3_Hiking_Shoes_Green_GY5076_03_standard.jpg|https://assets.adidas.com/images/w_600,f_auto,q_auto/1bf47ff50c844ce7b46ead3b01173c8b_9366/Terrex_Swift_R3_Hiking_Shoes_Green_GY5076_04_standard.jpg|https://assets.adidas.com/images/w_600,f_auto,q_auto/5fc84c7d6cd84938b2f9ad3b011743b1_9366/Terrex_Swift_R3_Hiking_Shoes_Green_GY5076_05_standard.jpg|https://assets.adidas.com/images/w_600,f_auto,q_auto/e116dbec0a76425dadc1ad3b011726dd_9366/Terrex_Swift_R3_Hiking_Shoes_Green_GY5076_06_standard.jpg|https://assets.adidas.com/images/w_600,f_auto,q_auto/7705879903584718908cad3b01175c41_9366/Terrex_Swift_R3_Hiking_Shoes_Green_GY5076_09_standard.jpg|https://assets.adidas.com/images/w_600,f_auto,q_auto/bac17467b2a6420d9c2aad3b01174be0_9366/Terrex_Swift_R3_Hiking_Shoes_Green_GY5076_41_detail.jpg|https://assets.adidas.com/images/w_600,f_auto,q_auto/f81285cebdf54b5caffcad3b01175241_9366/Terrex_Swift_R3_Hiking_Shoes_Green_GY5076_42_detail.jpg|https://assets.adidas.com/images/w_600,f_auto,q_auto/6c8b73170155487b8c21ad3b01171fc7_9366/Terrex_Swift_R3_Hiking_Shoes_Green_GY5076_01_standard.jpg"
35,https://www.adidas.com/us/men,MEN'S NEW ARRIVALS,JEREMY SCOTT WINDBREAKER,$150 ,"Jeremy Scott needs no introduction, but we'll give you one anyway. The beloved, occasionally controversial designer creates dialogue through his loud, whimsical designs. Together we explore some of his world, bringing pieces of it into our latest collection.

Nothing about the camo design of this adidas windbreaker is about blending in. Vibrant neon patches with fashion designer Jeremy Scott's artwork make that impossible. Bungee-adjustable details and a sleek, wind-blocking polyester ripstop build up your comfort level when you're on the go.","2XS,XS,S,M,L,XL,2XL",null,"https://assets.adidas.com/images/w_600,f_auto,q_auto/b0790043452040f7b20bad7f010abad6_9366/Jeremy_Scott_Windbreaker_Multicolor_H53375_42_detail.jpg|https://assets.adidas.com/images/w_600,f_auto,q_auto/d976e7388fd648be9c79ad7f010a9532_9366/Jeremy_Scott_Windbreaker_Multicolor_H53375_21_model.jpg|https://assets.adidas.com/images/w_600,f_auto,q_auto/d8fca22ffd2d496186bcad7f010a9faf_9366/Jeremy_Scott_Windbreaker_Multicolor_H53375_23_hover_model.jpg|https://assets.adidas.com/images/w_600,f_auto,q_auto/49deb3653fd54e0caff6ad7f010aa9c5_9366/Jeremy_Scott_Windbreaker_Multicolor_H53375_25_model.jpg|https://assets.adidas.com/images/w_600,f_auto,q_auto/de0e3c63254748479cb0ad5f010ec4da_9366/Jeremy_Scott_Windbreaker_Multicolor_H53375_01_laydown.jpg|https://assets.adidas.com/images/w_600,f_auto,q_auto/457488e77c544f8aa1b7add600c491bb_9366/Jeremy_Scott_Windbreaker_Multicolor_H53375_02_laydown.jpg|https://assets.adidas.com/images/w_600,f_auto,q_auto/113c81b355fd4e4180e4ad7f010ab17f_9366/Jeremy_Scott_Windbreaker_Multicolor_H53375_41_detail.jpg|https://assets.adidas.com/images/w_600,f_auto,q_auto/b0790043452040f7b20bad7f010abad6_9366/Jeremy_Scott_Windbreaker_Multicolor_H53375_42_detail.jpg|https://assets.adidas.com/images/w_600,f_auto,q_auto/d976e7388fd648be9c79ad7f010a9532_9366/Jeremy_Scott_Windbreaker_Multicolor_H53375_21_model.jpg"
36,https://www.adidas.com/us/men,MEN'S NEW ARRIVALS,HELIONIC HOODED DOWN JACKET,$150 ,,"S,M,L,XL,2XL",Mesa,"https://assets.adidas.com/images/w_600,f_auto,q_auto/8b06c173f314420dabf2ad3700a892f6_9366/Helionic_Hooded_Down_Jacket_Brown_GU3953_42_detail.jpg|https://assets.adidas.com/images/w_600,f_auto,q_auto/8977d9bd4ba34140b0ecad3700a88732_9366/Helionic_Hooded_Down_Jacket_Brown_GU3953_21_model.jpg|https://assets.adidas.com/images/w_600,f_auto,q_auto/92c9911ff6434c74afe1ad3700edb8da_9366/Helionic_Hooded_Down_Jacket_Brown_GU3953_23_hover_model.jpg|https://assets.adidas.com/images/w_600,f_auto,q_auto/43ce13f5ee3b48e28ad7ad3700edc2aa_9366/Helionic_Hooded_Down_Jacket_Brown_GU3953_25_model.jpg|https://assets.adidas.com/images/w_600,f_auto,q_auto/f7d37165f66d468f99eaad3701309551_9366/Helionic_Hooded_Down_Jacket_Brown_GU3953_01_laydown.jpg|https://assets.adidas.com/images/w_600,f_auto,q_auto/926ad6fb66be4f6fbce4ad3700edc87e_9366/Helionic_Hooded_Down_Jacket_Brown_GU3953_25_outfit.jpg|https://assets.adidas.com/images/w_600,f_auto,q_auto/fd86d1b43d73450984caad3700edd496_9366/Helionic_Hooded_Down_Jacket_Brown_GU3953_41_detail.jpg|https://assets.adidas.com/images/w_600,f_auto,q_auto/8b06c173f314420dabf2ad3700a892f6_9366/Helionic_Hooded_Down_Jacket_Brown_GU3953_42_detail.jpg|https://assets.adidas.com/images/w_600,f_auto,q_auto/8977d9bd4ba34140b0ecad3700a88732_9366/Helionic_Hooded_Down_Jacket_Brown_GU3953_21_model.jpg"
37,https://www.adidas.com/us/men,MEN'S NEW ARRIVALS,ADIDAS Z.N.E. 01 TRUE WIRELESS EARBUDS,$100 ,"Music clears your mind, moves your body and gets you in the zone. The adidas Z.N.E. 01 earbuds offer engaging sound without ever holding you back. When it comes to comfort, these earbuds check all the boxes. They're sleek and simple, giving you an easy fit through active days. Wear them as an everyday pair or while you train. Sweat-proof and splash-proof, they stand up to everything from wet-weather commutes to quick sessions at the gym.",,null,"https://assets.adidas.com/images/w_600,f_auto,q_auto/850033df584142a49daaadcc00f98763_9366/adidas_Z.N.E._01_True_Wireless_Earbuds_Grey_EY5116_44_detail.jpg|https://assets.adidas.com/images/w_600,f_auto,q_auto/78600fd5a5b841488560adcc00f9805a_9366/adidas_Z.N.E._01_True_Wireless_Earbuds_Grey_EY5116_01_standard.jpg|https://assets.adidas.com/images/w_600,f_auto,q_auto/a7d71f8327564725833badcc00f9866e_9366/adidas_Z.N.E._01_True_Wireless_Earbuds_Grey_EY5116_03_standard_hover.jpg|https://assets.adidas.com/images/w_600,f_auto,q_auto/14938fb5fb27481d9f7aadcd0071c20e_9366/adidas_Z.N.E._01_True_Wireless_Earbuds_Grey_EY5116_41_detail.jpg|https://assets.adidas.com/images/w_600,f_auto,q_auto/00276c6c380b41bcb29fadcc00f98312_9366/adidas_Z.N.E._01_True_Wireless_Earbuds_Grey_EY5116_42_detail.jpg|https://assets.adidas.com/images/w_600,f_auto,q_auto/038ba1dc59cd45788f97adcc00f971f5_9366/adidas_Z.N.E._01_True_Wireless_Earbuds_Grey_EY5116_43_detail.jpg|https://assets.adidas.com/images/w_600,f_auto,q_auto/850033df584142a49daaadcc00f98763_9366/adidas_Z.N.E._01_True_Wireless_Earbuds_Grey_EY5116_44_detail.jpg|https://assets.adidas.com/images/w_600,f_auto,q_auto/78600fd5a5b841488560adcc00f9805a_9366/adidas_Z.N.E._01_True_Wireless_Earbuds_Grey_EY5116_01_standard.jpg"
38,https://www.adidas.com/us/men,MEN'S NEW ARRIVALS,null,null,null,,null,
39,https://www.adidas.com/us/men,MEN'S NEW ARRIVALS,null,null,null,,null,
40,https://www.adidas.com/us/men,MEN'S NEW ARRIVALS,null,null,null,,null,
41,https://www.adidas.com/us/men,MEN'S NEW ARRIVALS,EQT PANT,$75 ,,"S,M,L,XL",Black,"https://assets.adidas.com/images/w_600,f_auto,q_auto/b2e8112ed7e24ebfa1b4ad6e00ccca28_9366/EQT_PANT_Black_HG8088_42_detail.jpg|https://assets.adidas.com/images/w_600,f_auto,q_auto/c4b0037471774f7b90b2ad6e00ccaad1_9366/EQT_PANT_Black_HG8088_21_model.jpg|https://assets.adidas.com/images/w_600,f_auto,q_auto/75b10a4b15b141bcbf11ad6e00ccb111_9366/EQT_PANT_Black_HG8088_23_hover_model.jpg|https://assets.adidas.com/images/w_600,f_auto,q_auto/cf3b711066374202bdf3ad6e00ccb86e_9366/EQT_PANT_Black_HG8088_25_model.jpg|https://assets.adidas.com/images/w_600,f_auto,q_auto/c8dcd2cdf3ca4f6d86dead4900a4863c_9366/EQT_PANT_Black_HG8088_01_laydown.jpg|https://assets.adidas.com/images/w_600,f_auto,q_auto/712651d237734369a2c2ad6e00ccc126_9366/EQT_PANT_Black_HG8088_41_detail.jpg|https://assets.adidas.com/images/w_600,f_auto,q_auto/b2e8112ed7e24ebfa1b4ad6e00ccca28_9366/EQT_PANT_Black_HG8088_42_detail.jpg|https://assets.adidas.com/images/w_600,f_auto,q_auto/c4b0037471774f7b90b2ad6e00ccaad1_9366/EQT_PANT_Black_HG8088_21_model.jpg"
42,https://www.adidas.com/us/men,MEN'S NEW ARRIVALS,EQT HOODY,$85 ,"The '90s adidas Equipment sportswear line returns from the archives. Its influence is clear on this adidas hoodie, with pops of the line's signature colors and graphics. The cozy sweatshirt is made from soft fleece with ribbed details for an extra-snug feel.","XS,S,M,L,XL,2XL",Black,"https://assets.adidas.com/images/w_600,f_auto,q_auto/43f37d66bdf34e27ae47ad6e00cd0a57_9366/EQT_HOODY_Black_HG8090_42_detail.jpg|https://assets.adidas.com/images/w_600,f_auto,q_auto/fd8c01e7fbcb4b4ebb9fad6e00cce5c0_9366/EQT_HOODY_Black_HG8090_21_model.jpg|https://assets.adidas.com/images/w_600,f_auto,q_auto/ced14218498143578720ad6e00ccec31_9366/EQT_HOODY_Black_HG8090_23_hover_model.jpg|https://assets.adidas.com/images/w_600,f_auto,q_auto/53ee1798901b4156b984ad6e00ccf6af_9366/EQT_HOODY_Black_HG8090_25_model.jpg|https://assets.adidas.com/images/w_600,f_auto,q_auto/db6954d2a0ba471c9b9bad4900908249_9366/EQT_HOODY_Black_HG8090_01_laydown.jpg|https://assets.adidas.com/images/w_600,f_auto,q_auto/6128f2bfef2b4539b0daad6e00cd0133_9366/EQT_HOODY_Black_HG8090_41_detail.jpg|https://assets.adidas.com/images/w_600,f_auto,q_auto/43f37d66bdf34e27ae47ad6e00cd0a57_9366/EQT_HOODY_Black_HG8090_42_detail.jpg|https://assets.adidas.com/images/w_600,f_auto,q_auto/fd8c01e7fbcb4b4ebb9fad6e00cce5c0_9366/EQT_HOODY_Black_HG8090_21_model.jpg"
43,https://www.adidas.com/us/men,MEN'S NEW ARRIVALS,EQT HOODY,$85 ,,"XS,S,M,L,XL,2XL",Sub Green,"https://assets.adidas.com/images/w_600,f_auto,q_auto/23295a921fbe411fb8abad5700f633cc_9366/EQT_HOODY_Green_HG8089_42_detail.jpg|https://assets.adidas.com/images/w_600,f_auto,q_auto/e3813fe38bdc43a5aceead5700f612b6_9366/EQT_HOODY_Green_HG8089_21_model.jpg|https://assets.adidas.com/images/w_600,f_auto,q_auto/f1e3e978ee984bb19eddad5700f61984_9366/EQT_HOODY_Green_HG8089_23_hover_model.jpg|https://assets.adidas.com/images/w_600,f_auto,q_auto/65d2b00c13274c56a0d9ad5700f62109_9366/EQT_HOODY_Green_HG8089_25_model.jpg|https://assets.adidas.com/images/w_600,f_auto,q_auto/788bd052fa8446a4bb6ead4900906769_9366/EQT_HOODY_Green_HG8089_01_laydown.jpg|https://assets.adidas.com/images/w_600,f_auto,q_auto/00688ad127c448e1a4aaad5700f62b44_9366/EQT_HOODY_Green_HG8089_41_detail.jpg|https://assets.adidas.com/images/w_600,f_auto,q_auto/23295a921fbe411fb8abad5700f633cc_9366/EQT_HOODY_Green_HG8089_42_detail.jpg|https://assets.adidas.com/images/w_600,f_auto,q_auto/e3813fe38bdc43a5aceead5700f612b6_9366/EQT_HOODY_Green_HG8089_21_model.jpg"
44,https://www.adidas.com/us/men,MEN'S NEW ARRIVALS,null,null,null,,null,
45,https://www.adidas.com/us/men,MEN'S NEW ARRIVALS,null,null,null,,null,
46,https://www.adidas.com/us/men,MEN'S NEW ARRIVALS,null,null,null,,null,
47,https://www.adidas.com/us/men,MEN'S NEW ARRIVALS,null,null,null,,null,
